avg_intensity,std_intensity,black_percentage,is_written
221.3290888108287,9.48677121269346,0.0014639349689189686,1
240.29967010887557,1.6015171625310105,0.0,0
214.83993222863867,4.043331293389778,0.0,0
232.12817155258028,9.427977912265975,0.0014743949314010372,1
220.387163212197,9.304693024164111,0.0014784179938941405,1
222.32469516680766,9.091015204748182,0.0014719810939051753,1
238.95780370673484,9.3811843097019,0.0014819812778166035,1
233.420293361717,2.351081996964773,0.0,0
237.0048706642881,9.25603071172841,0.0014681879206973922,1
229.1938006905874,9.20259915999281,0.0014800272188913819,1
226.25733898554455,9.178892338896636,0.001483590502813845,1
229.19227031761503,9.47612842231885,0.0014820962224592637,1
237.35969684499946,2.1221934125198163,0.0,0
214.49947838121162,9.085097294956283,0.001481406554603303,1
210.8786981139883,4.066979261424121,0.0,0
233.0822785246625,9.090213149033378,0.001428072240409019,1
239.3023040653621,2.1095941287745346,0.0,0
209.58362142292273,9.284578627618984,0.0014784179938941405,1
207.62673704343987,9.2642991752115,0.001480142163534042,1
246.17977146706147,0.8957829600358841,0.0,0
235.06697203626734,9.076295472420211,0.0013837036083422223,1
235.39944585187774,1.9458949000444656,0.0,0
211.89822123165484,4.312915037783899,0.0,0
213.51996990749254,9.1375064480816,0.0014799122742487217,1
204.0391419842204,5.103199749479749,0.0,0
237.00275844153455,9.385719799099448,0.001483590502813845,1
213.53733815794314,9.510209434073492,0.001476463934968919,1
215.8191892034796,4.017772183853742,0.0,0
238.94624257457608,9.277552313879024,0.0014550842314341413,1
251.07966422370987,0.4417848676726346,0.0,0
220.36745951649687,9.019718991338834,0.001480142163534042,1
238.32050876797734,1.5223814974684795,0.0,0
219.39125501158642,9.239237842651505,0.0014794524956780815,1
212.8595525894729,4.44929335621869,0.0,0
247.14068592066062,0.7563121878781297,0.0,0
246.76728640986502,9.578148432655833,0.001484739949240446,1
221.33690286258138,9.1544342559806,0.0014356585868245853,1
217.78016664674294,4.124552394016484,0.0,0
229.51963840714313,2.3161533977634963,0.0,0
244.20052506712767,1.1588225127967575,0.0,0
235.38202989940044,2.398642800311932,0.0,0
229.13431718284474,9.221349931064342,0.0014779582153235003,1
237.3588207369331,1.7861898986893587,0.0,0
211.56011627800052,9.167828036677095,0.0014800272188913819,1
224.62101532901755,2.9153394005999482,0.0,0
214.4967052267628,9.21269661973471,0.0014807168867473424,1
232.1207091164895,9.127808716049286,0.0014285320189796594,1
228.55926442325375,2.435033160778455,0.0,0
231.4619288400706,2.454770501729912,0.0,0
220.69920630724243,3.1566821164268113,0.0,0
240.91814355206532,9.390687919398777,0.001472785706403796,1
208.6285054667672,9.32968946977211,0.0014763489903262589,1
231.1296446831206,9.240727218508995,0.0014797973296060618,1
228.19653430407917,9.350234833909003,0.001478992717107441,1
214.4981132986354,9.124469375107584,0.0014742799867583773,1
224.60138496799942,2.966771948091469,0.0,0
216.46194861054917,8.96437981165925,0.0014384172582484276,1
219.3759457645198,9.34771956329589,0.0014520956707249788,1
217.74067454114098,3.6986534242940663,0.0,0
224.29127052911318,9.372870189042773,0.0014294515761209402,1
222.65971661547798,2.804323521644237,0.0,0
243.22081819895539,1.0644183663342175,0.0,0
225.2781556902196,9.243288390847827,0.0014833606135285246,1
224.29098351234046,9.165868360838546,0.0014391069261043882,1
220.7001703479604,4.498922678147789,0.0,0
215.49540934086144,9.450573495901901,0.0014793375510354213,1
236.36095468422408,1.5559183308898235,0.0,0
227.2351732905433,9.32140383755277,0.0014770386581822194,1
229.17265294534153,9.176926849462253,0.0014865790635230074,1
223.30057070015081,9.384810174581004,0.0014818663331739434,1
232.440034414426,2.816323427949718,0.0,0
229.1783575330121,9.287881773444601,0.0014564635671460624,1
231.45934419483578,2.08289172972385,0.0,0
245.79249411483428,9.503276133389756,0.0014686476992680326,1
234.41884689833375,2.2934568086758502,0.0,0
230.53935083863612,2.5795134759159857,0.0,0
234.4185894223342,2.0774415285020718,0.0,0
230.48228392706073,2.96638096353947,0.0,0
228.539458311877,3.15617574759585,0.0,0
237.35911407566115,1.6184276932540977,0.0,0
243.83143126770148,9.471702862586097,0.0014820962224592637,1
235.04963321164527,9.171832949167756,0.0014603716849965057,1
241.27985848015595,1.4674846884227548,0.0,0
242.89229077776142,9.470484664938938,0.001474165042115717,1
240.29986241126272,1.3926225049353873,0.0,0
242.85494089546475,9.418627175032489,0.0014774984367528598,1
234.06720307499907,9.353483531681192,0.001476463934968919,1
237.0223354682385,9.091077743695182,0.0013976119101040939,1
233.06950932430942,9.265163087565556,0.0014783030492514805,1
248.73429005590907,9.496818887784071,0.0014393368153897083,1
230.48198150770588,2.4879046209193563,0.0,0
236.37969008625447,1.7435024449921601,0.0,0
220.69854572038108,3.214778703325535,0.0,0
233.4394591164895,2.047048108070586,0.0,0
230.15363029664914,9.216020338477328,0.001478762827822121,1
230.16617455033656,9.091043326901852,0.001423244565417295,1
237.34066454095708,1.439514200231155,0.0,0
216.80065748335602,3.6907967578286747,0.0,0
226.56152894765881,2.9234450526793148,0.0,0
244.20027184407988,0.8430729560752993,0.0,0
228.21166009949607,9.053221855660906,0.0014239342332732555,1
230.13357061739066,9.407989254925761,0.0014771536028248796,1
222.30561883896715,9.256549295778681,0.0014807168867473424,1
235.03122126383934,9.270350561786694,0.001458187736785964,1
237.98048722735132,9.368160380382648,0.0014794524956780815,1
219.7011432394159,3.21026381191764,0.0,0
232.1089985562953,9.209125292103248,0.0014779582153235003,1
236.38050400926915,1.5407387489975106,0.0,0
229.5009928918233,2.496849437884521,0.0,0
215.80020356696215,4.556420620720979,0.0,0
233.08773402729247,9.397122829547325,0.0014795674403207414,1
229.49992448136976,2.3570309797970532,0.0,0
245.21878103505352,0.8876219675790661,0.0,0
220.34775685529848,9.051026948142665,0.0014732454849744362,1
232.13820346121307,9.085092194376852,0.0014361183653952257,1
235.37990848107552,2.006083135138558,0.0,0
240.9162097233972,9.429529520062797,0.0014804869974620223,1
222.65946684076948,3.8449031680833277,0.0,0
231.1318096654651,9.309228394400735,0.001481291609960643,1
232.44098868484937,2.1534607864899304,0.0,0
224.28481937598852,9.114133956752765,0.0014689925331960129,1
209.62414446702468,9.331867553923827,0.001482441056387244,1
240.2995920614632,1.3489135041690956,0.0,0
237.00004517324456,9.46599109079761,0.0014806019421046825,1
221.69879250652886,2.985765811444459,0.0,0
209.5962170568654,8.979008885451512,0.0014255434582704969,1
236.00469307481518,9.272298537521761,0.0014779582153235003,1
221.36375944844963,9.297466327007799,0.0014850847831684262,1
221.68058171184757,3.8111725706107786,0.0,0
235.4002573610549,2.4021442545543987,0.0,0
242.26000512653107,1.3201219666436979,0.0,0
228.52260754220768,3.382011364804871,0.0,0
248.1590875234487,0.7066452259807622,0.0,0
218.7215077518667,4.12635235489799,0.0,0
208.9582983135322,4.520592505573725,0.0,0
215.79984746845918,3.5677971739207104,0.0,0
223.66051111284804,3.638352458529828,0.0,0
230.48231542189282,2.607531114185293,0.0,0
244.22014243940117,1.1284966136070382,0.0,0
222.33091148802737,9.027885853528508,0.0014517508367969986,1
221.680988156104,3.733908903289026,0.0,0
213.83934348217898,4.433506663164848,0.0,0
230.16492521701548,9.313318646081564,0.0014284170743369992,1
220.3684465461434,9.288501506547156,0.0014800272188913819,1
239.31959300400928,1.519618847157629,0.0,0
234.04009464541878,9.191972847941425,0.0014235893993452752,1
219.73997487310112,3.4852044185909254,0.0,0
232.08903244197595,9.483759202948038,0.0014820962224592637,1
222.6756458739471,3.732528282508504,0.0,0
236.04328366958472,9.267180521763374,0.0014783030492514805,1
228.17681014823262,9.237571758425362,0.0014809467760326627,1
224.27932421745686,8.820396691541674,0.001408761540442123,1
237.01628558686136,9.090943692821464,0.0014224399529186743,1
228.19476185768934,9.130049755891564,0.0014823261117445838,1
208.93928991797551,4.649966634755468,0.0,0
238.3399688959797,1.5903575168614559,0.0,0
241.28044228399602,1.8267156941344866,0.0,0
221.344457024497,9.193129891035657,0.0014797973296060618,1
237.02011243884945,9.31740202347191,0.0014856595063817265,1
223.6588029205135,2.8415724997904563,0.0,0
217.43230392742856,9.466497349959477,0.0014769237135395592,1
217.41969863813588,9.134287887740857,0.001454509508220841,1
232.45929246974657,2.2076423492830415,0.0,0
233.45961730330671,2.067543286110632,0.0,0
216.4714592452275,9.1589154169406,0.0014815214992459631,1
229.1548173299739,9.286744822016043,0.0014827858903152242,1
216.48206093445395,9.050977959074524,0.0014373827564644866,1
240.2608610043403,1.4413498882405833,0.0,0
205.71178584893516,9.22883607662661,0.001472785706403796,1
230.15843486776768,8.860357618314424,0.0013787609887078384,1
244.2197913984625,0.894025364296403,0.0,0
234.06663881174825,9.333635799881177,0.0014809467760326627,1
240.29950539320262,1.486839384160264,0.0,0
250.0998793081252,0.4639924097063646,0.0,0
239.9175123910325,9.409671230564902,0.0014860043403097068,1
219.7402076360025,3.907792467101565,0.0,0
214.8401941874793,4.590594096035091,0.0,0
226.23850840935006,9.121598003502429,0.0014832456688858647,1
220.68050113565306,3.312160366212983,0.0,0
236.3615636609409,2.131435967196903,0.0,0
235.43739723948946,2.667140674619666,0.0,0
216.48508995567735,9.25802950485617,0.0014260032368411373,1
224.59980482399678,3.534402444880689,0.0,0
226.22923030768382,9.08673105840053,0.0014358884761099054,1
243.24000625298856,1.0480084470974753,0.0,0
215.4959163616802,9.121617972195338,0.0014811766653179828,1
218.42918674366425,9.175181992221685,0.0014796823849634016,1
250.0997652830397,0.576366409682152,0.0,0
215.46517108360612,8.926616638715135,0.0014393368153897083,1
226.21840436145953,9.185750478150714,0.001481291609960643,1
222.65870728657077,3.6076538501574493,0.0,0
234.40097691451797,1.7892294402552404,0.0,0
219.70035276510833,3.140498821104464,0.0,0
224.6193187460919,3.7983570722600657,0.0,0
223.31446900172878,8.95950697736251,0.0014265779600544377,1
234.06620857395077,9.231314873433057,0.0014792226063927612,1
237.96141319840365,9.375165864873827,0.0014774984367528598,1
222.3262491034318,9.034182964093791,0.001482670945672564,1
216.47332065877075,9.076154255570975,0.0014786478831794608,1
242.2601986933093,1.0760681871836468,0.0,0
225.25926568764484,9.077311071454226,0.0014815214992459631,1
234.0923971015559,9.293285611895406,0.0014565785117887226,1
228.55679230882407,3.5024873692738763,0.0,0
215.4803236611248,9.21461348900914,0.0014563486225034024,1
224.2673680205613,9.01926455925004,0.00146577408320153,1
211.90123829863538,4.5740535529329,0.0,0
244.84342999411484,9.351508015238753,0.0014272676279103984,1
234.4010223176518,2.0932707287846024,0.0,0
237.3798469856917,1.7746543298183999,0.0,0
212.8370284970758,4.3456631880433605,0.0,0
244.8301719341965,9.516487363312182,0.0014829008349578842,1
225.5978377763269,2.9911188967320417,0.0,0
222.6389048534226,3.1944831968395433,0.0,0
242.8566190872476,9.4173409060792,0.0014660039724868504,1
210.91971932817154,4.668556004042678,0.0,0
218.42334031430462,8.979828797729546,0.0014191065582815315,1
232.11300908982236,9.1448356216143,0.0014665786957001508,1
212.8775739553831,4.484663451338625,0.0,0
216.79813858645676,3.855194296577434,0.0,0
216.4551027375216,9.081583911681834,0.0014816364438886233,1
207.66905540791555,9.167382204823072,0.001475199543899658,1
236.3603554778019,1.6957905313314139,0.0,0
230.17361894011844,8.955655720614136,0.0013877266708353258,1
246.80616597546623,9.588794076576935,0.0014829008349578842,1
220.34779202835915,9.618844005583815,0.0014804869974620223,1
217.75824566888588,4.0276349408191265,0.0,0
245.18049331941737,1.0222759275299749,0.0,0
240.31968323555375,1.6398381078667277,0.0,0
217.77878639147386,3.9618465989298732,0.0,0
209.93886404807444,4.394854028365221,0.0,0
213.83913370820613,3.7068387771126194,0.0,0
211.87984825008277,3.9027774566615094,0.0,0
229.5215548791702,2.6758989812319394,0.0,0
229.17368606778976,9.21861343878647,0.0014830157796005443,1
229.19238319325413,9.196296682004116,0.0014816364438886233,1
214.80098473075367,3.947262993335459,0.0,0
224.26165504193182,9.140085623609513,0.0014855445617390664,1
220.6807630944937,3.7358862255515253,0.0,0
220.36697709383162,9.350140754600613,0.0014803720528193621,1
210.56094433920623,9.212328344380284,0.0014823261117445838,1
234.4001236804355,1.672641461936106,0.0,0
240.2811359749145,1.8324750621239478,0.0,0
239.3002729935263,1.5190821854436323,0.0,0
214.81752066704675,4.44765823238754,0.0,0
218.43750908062677,9.474343820634127,0.00144152076360025,1
231.47945410490308,2.12261848659744,0.0,0
253.03994452771545,0.19785229034478277,0.0,0
212.53883094401735,9.323807158335997,0.001478762827822121,1
223.28411246643617,9.124754965222102,0.0014822111671019236,1
237.01434589601647,9.136174805596168,0.00142933663147828,1
232.10810083863612,9.303185879771208,0.0014817513885312834,1
229.52056681502188,2.6427082383182774,0.0,0
233.09673729631808,8.83043784630175,0.0013633584065913856,1
234.4003295462905,1.6738750675180503,0.0,0
237.360541688123,1.6216080726539484,0.0,0
231.13152437286203,9.299683253025528,0.0014810617206753227,1
233.09134662246663,9.167033033014642,0.0014726707617611359,1
226.57967686762055,2.6744715743042065,0.0,0
230.13317957571633,9.179440393276678,0.0014797973296060618,1
213.53588767149742,9.214442388444224,0.001480142163534042,1
215.79858687056313,4.134032095121518,0.0,0
234.42130177106705,2.6791357921280796,0.0,0
223.3051574511715,9.489582303331977,0.0014822111671019236,1
223.6413317946077,2.895511448105206,0.0,0
221.70047564093133,3.758767372010404,0.0,0
236.36051858424983,1.5016485514143851,0.0,0
250.71051628535696,9.580208364829165,0.001442440320741531,1
208.60731944495532,9.319512150183028,0.00147784327068084,1
215.4377373606871,9.133777743371525,0.0014796823849634016,1
229.51843355739877,2.378924496536224,0.0,0
214.47476447842718,9.450804943530033,0.0014834755581711848,1
234.4181510234671,2.289599681829805,0.0,0
219.39169260584103,9.216091938696456,0.001478992717107441,1
210.8815781669548,4.231762438715829,0.0,0
233.0876487383676,9.237052379209102,0.0014816364438886233,1
247.17985583642917,0.7519271775013585,0.0,0
212.52050750358626,9.30413492259638,0.0014784179938941405,1
232.47833764758892,2.018456887596331,0.0,0
221.70114668775517,3.7581079902994845,0.0,0
228.52028841909737,2.336009715057172,0.0,0
214.52807660830544,9.059648709975898,0.0014322102475447824,1
237.99889618659654,9.31595652709095,0.0014807168867473424,1
213.8211601592673,4.2532238673497345,0.0,0
218.75863671056018,3.9319723885552564,0.0,0
236.36073031228162,1.8297438793798622,0.0,0
242.2601736353772,1.1635786390322813,0.0,0
232.12077291076616,9.105968014486153,0.0014299113546915804,1
226.2515681897598,8.977689242219718,0.0014272676279103984,1
244.8302034290286,9.503664436258898,0.0014791076617501012,1
229.50072840420054,2.4662815929147475,0.0,0
226.251584856733,9.124281376519264,0.0014271526832677383,1
224.61963288980027,2.997877670872877,0.0,0
220.69939504634567,3.0488561205258646,0.0,0
226.22264283021298,9.239309733053055,0.0014677281421267517,1
234.42097521333724,2.424865039907695,0.0,0
246.17934168904256,0.8014565747799072,0.0,0
210.91880988615884,4.160856359827297,0.0,0
225.61977507632324,4.0636280939488625,0.0,0
220.3749954022143,9.07627950269306,0.0014469231618052746,1
232.4799291711112,2.586157658611258,0.0,0
208.6555313660941,9.062750617518585,0.0014261181814837975,1
212.82165798451464,4.330706955435204,0.0,0
236.40037644370472,1.9677198682325694,0.0,0
216.4545633023136,9.154572378244923,0.0014811766653179828,1
219.70294373229854,3.6966428298195497,0.0,0
239.31957461286643,1.3732422013392647,0.0,0
241.27986790561667,1.5707704645624647,0.0,0
233.4396595799463,2.580467158666785,0.0,0
224.6202612921617,3.0184283397572695,0.0,0
238.95765347408687,9.415264194735759,0.0014843951153124654,1
234.0884832364733,9.275715684589343,0.0014671534189134514,1
224.26367358480155,9.305611009858154,0.001476578879611579,1
240.29970516699157,1.2749001179268922,0.0,0
219.72035301798653,3.633787296918307,0.0,0
209.58272565932248,9.349419738629168,0.0014834755581711848,1
232.48097631680582,2.829653255094202,0.0,0
243.24013315187406,1.2986048592332113,0.0,0
226.55984937654026,2.9394044287362524,0.0,0
224.26150262533565,9.137280895403666,0.0014794524956780815,1
231.1101973139736,9.221646094027342,0.001483820392099165,1
231.13677527402803,9.226167349757345,0.0014638200242763086,1
243.85074886434694,9.482984110931572,0.0014830157796005443,1
218.41029306286092,9.240291648101433,0.0014804869974620223,1
228.1866725135175,9.112238745958486,0.0014360034207525655,1
241.87493091826977,9.421760974828963,0.0014817513885312834,1
242.24050488284843,1.1059580726850526,0.0,0
243.84283423603193,9.340666699898842,0.0014373827564644866,1
229.1756715066024,9.142056970240455,0.0014748547099716776,1
211.56224367344686,9.386386566252774,0.0014786478831794608,1
223.30440582815316,9.191767841795638,0.0014796823849634016,1
226.56153549950344,2.6996460203476818,0.0,0
229.5189757512782,2.184373889289126,0.0,0
240.91540384650753,9.493038316476325,0.0014833606135285246,1
224.64008200150806,2.955101152461922,0.0,0
235.38051780262626,1.7454346548923974,0.0,0
250.10005413892668,0.42034231322859833,0.0,0
237.378592709751,1.9977847297328069,0.0,0
219.70045679000992,4.503607802563889,0.0,0
237.03596399474014,9.194242213770954,0.0014206008386361128,1
219.40364535439733,9.228659643507607,0.001424394011843896,1
248.72721153492478,9.602468918846924,0.0014672683635561113,1
240.91062720693714,9.24618371581669,0.0014218652297053739,1
230.13268807242432,9.189410896136588,0.0014839353367418252,1
233.07817155258027,9.062029550856915,0.0014357735314672454,1
226.26818987475633,9.128425494498012,0.0014435897671681319,1
245.21975289200722,0.9151730023891484,0.0,0
240.9299016993416,9.250622649531614,0.0014211755618494133,1
212.8403213162541,4.696404588598788,0.0,0
220.72125257476,4.044943248354902,0.0,0
211.60543136425497,9.435746557135309,0.001459337183212565,1
235.04522347537426,9.229129588134173,0.0014802571081767022,1
249.1199654246515,0.48493062791389063,0.0,0
222.6601914517968,4.221273733923899,0.0,0
232.0905616655019,9.23134089352354,0.0014774984367528598,1
223.64022096958104,2.8350886477987056,0.0,0
206.00255131128847,4.864162176181364,0.0,0
235.3996082686578,2.0846198133859257,0.0,0
232.45908740850408,2.1713844369203907,0.0,0
209.6030678725126,9.27441390829716,0.0014834755581711848,1
240.93587238385993,9.400485596797328,0.001481406554603303,1
225.2525103909957,9.129917790145402,0.0014343941957553241,1
235.40090898223414,2.0124072614327804,0.0,0
222.32332203810645,9.13990552822729,0.0014811766653179828,1
241.29995620609114,1.6032741378439035,0.0,0
227.56091089031523,2.622405772881442,0.0,0
215.8007369101041,4.522179683644122,0.0,0
219.75817428826278,3.5425157158178893,0.0,0
237.35948316290873,1.6892729988709603,0.0,0
220.36667272041785,9.355526084477415,0.0014816364438886233,1
233.11689950619783,9.101937261430233,0.0014384172582484276,1
229.52155453433627,2.548893507275796,0.0,0
250.70077507172545,9.701925607844942,0.0014802571081767022,1
201.7950273798139,9.379808252383768,0.0014807168867473424,1
233.0892804925148,9.294415473855516,0.0014768087688968993,1
226.26990473388017,9.498194865704304,0.00142933663147828,1
246.1801921644536,0.8969449256130052,0.0,0
248.1403102815684,0.852598447093736,0.0,0
245.78907715544193,9.541997047463482,0.0014865790635230074,1
236.3603560525251,1.7961260205921987,0.0,0
220.36843654595947,9.379438007251997,0.0014800272188913819,1
232.12986319288632,9.272973081977169,0.001478992717107441,1
234.07783522455586,9.271352421789352,0.0014371528671791665,1
222.32272605013426,9.45827656656466,0.001482670945672564,1
224.27905789071983,9.349321035418631,0.0014770386581822194,1
234.06698663423694,9.30992871907381,0.0014827858903152242,1
216.43366613638872,9.386208072753076,0.0014804869974620223,1
211.87913904163756,4.534845288503161,0.0,0
235.42049497462023,1.7744117254224712,0.0,0
216.77879225365064,4.178679130569708,0.0,0
218.74033625905764,3.9047096161397787,0.0,0
217.79988608985911,3.5636923069762094,0.0,0
213.51138791058227,9.261959756309986,0.0014286469636223195,1
237.96113813587377,9.335241930838235,0.001478762827822121,1
230.17257167947918,9.27123437283292,0.0014785329385368006,1
223.32303973406408,9.390190241895874,0.0014820962224592637,1
235.41930621712584,1.920957661102145,0.0,0
237.37899490105565,1.9495440970966926,0.0,0
209.9187906904035,4.688468000283615,0.0,0
250.10027356824952,0.5779530261367684,0.0,0
224.59955125611506,3.4346197920083483,0.0,0
247.7461577454298,9.596472075830926,0.0014815214992459631,1
221.65990512469196,3.9559120317278302,0.0,0
244.20085748703426,0.9140556135632895,0.0,0
214.50191428807886,9.158667618240573,0.0014410609850296098,1
211.88287232868652,4.710039819193379,0.0,0
219.70252728785817,4.366612495951686,0.0,0
243.2396627983963,1.203770236450639,0.0,0
233.08897290065104,9.283971834255885,0.001482441056387244,1
215.4968908623607,9.348230591734957,0.0014809467760326627,1
221.34560693070216,9.204501120646349,0.0014834755581711848,1
244.82403262588738,9.332900857045447,0.001430256188619561,1
231.44008085206164,2.235889054037852,0.0,0
242.2600178853864,1.3355840474883516,0.0,0
237.9833737172178,9.283810512117874,0.0014730155956891161,1
231.14954930205613,9.409236428946864,0.0014803720528193621,1
237.99738811288483,9.328130573042705,0.0014841652260271453,1
241.2799407805201,1.7025378219876244,0.0,0
236.02257248409165,9.294431815453136,0.0014797973296060618,1
221.3446911667341,9.136844620677865,0.0014809467760326627,1
239.3391792262846,1.5961128375753495,0.0,0
223.3217847684555,9.430729140445417,0.0014794524956780815,1
235.02566817320778,9.349380880685834,0.0014780731599661602,1
224.61981519200353,3.110058828460352,0.0,0
208.93957647496964,4.5026950262571015,0.0,0
237.02231776676354,9.411163113275357,0.0014833606135285246,1
220.68051699801376,3.2876997703528668,0.0,0
233.42001829918712,2.805145508297912,0.0,0
247.17940410398353,0.8932897408350261,0.0,0
241.2607316916173,1.16812042596764,0.0,0
242.25970741990656,1.0927630139347848,0.0,0
224.6402448780667,3.064496296281301,0.0,0
220.38768758965682,9.108333959618392,0.0014817513885312834,1
228.52030485618127,2.5784950825493858,0.0,0
229.49969102880053,2.41221527828992,0.0,0
226.56135158807518,2.521504133494774,0.0,0
242.9113050354949,9.478063332883295,0.0014815214992459631,1
231.47906639662338,1.9682376569718742,0.0,0
224.59919619211388,2.8472204159763477,0.0,0
240.93538984625005,9.395096701199382,0.0014800272188913819,1
216.4541092709751,9.32220603767814,0.0014809467760326627,1
233.42250960937213,2.324920722519747,0.0,0
248.1397850994961,0.753012566234387,0.0,0
237.00226866241218,9.318662896907348,0.0014822111671019236,1
224.27090992478023,8.963018531626554,0.0014431299885974914,1
215.78063470132784,3.784628659376607,0.0,0
212.89940975925995,4.18643708788317,0.0,0
221.68145437157466,2.926215432944235,0.0,0
221.70058587284365,3.74916002249126,0.0,0
228.53839541876633,2.4806261534731378,0.0,0
217.41871264299112,9.27632690063261,0.0014664637510574908,1
231.15020356696215,9.276558503168193,0.001481291609960643,1
240.31888080700335,1.3773871896113252,0.0,0
218.4307353928348,9.14848424687539,0.0014799122742487217,1
207.65000287361607,9.36938029419371,0.0014800272188913819,1
240.91625616103283,9.38072913035575,0.0014771536028248796,1
227.22042026060248,9.116995810008243,0.0014662338617721705,1
236.02369963125759,9.378100684742265,0.0014833606135285246,1
239.31924288262772,2.101972961413643,0.0,0
219.3877273605032,9.102326111853328,0.0014811766653179828,1
236.98199104811124,9.379780946722642,0.0014833606135285246,1
244.2010077196822,0.9556463713122325,0.0,0
230.17073130080553,9.243661631229465,0.0014795674403207414,1
236.02550989443483,9.37891607582306,0.001474165042115717,1
231.48063102309928,2.3841918482151736,0.0,0
229.5187139073822,2.5552986184071544,0.0,0
214.51427991779158,9.1632897552325,0.001478992717107441,1
226.59948734689374,2.703279331390063,0.0,0
237.3592675267591,1.9977663034436013,0.0,0
224.2810497664325,9.1602575017732,0.0014795674403207414,1
210.58756161032846,9.2822829369708,0.0014515209475116785,1
220.6985404329275,3.52881037990694,0.0,0
217.4291419152536,9.37353797558995,0.0014843951153124654,1
237.34000383915105,1.438682105775498,0.0,0
228.16326369220585,9.069627137388153,0.0014519807260823187,1
216.48581663570823,8.952539674001633,0.001428072240409019,1
235.3802140039357,1.8875449234115538,0.0,0
226.59920446812814,2.9098761492543983,0.0,0
227.58084964780963,3.4108287572138716,0.0,0
219.69969654614337,3.305400904387335,0.0,0
233.099837238386,9.085952447209143,0.001431865413616802,1
220.70239579118697,3.062893010667039,0.0,0
220.3723621353956,8.96881761299483,0.0014573831242873433,1
239.30052207856696,1.7352499771395498,0.0,0
223.28181817136866,9.431729830132667,0.0014822111671019236,1
226.56111434233273,2.407681813713904,0.0,0
236.39946550741163,2.154619306484165,0.0,0
241.898542846765,9.394356812800618,0.0014634751903483284,1
224.6005839187847,3.137539992854891,0.0,0
210.91842056865414,4.787709436482698,0.0,0
234.39986172159487,2.161241666002753,0.0,0
222.6802042336411,3.507057467277571,0.0,0
239.9178761908265,9.383066088373802,0.0014811766653179828,1
245.21964564865561,0.9367409559232377,0.0,0
227.19729190421893,9.280451626956596,0.0014811766653179828,1
244.22019876227608,0.8964477234255753,0.0,0
210.9197200178394,4.310095605546555,0.0,0
212.53817323077206,9.428792934616357,0.0014851997278110861,1
227.22809086144113,9.186598447196578,0.0014314056350461617,1
246.16044490473388,0.9951692075746861,0.0,0
233.42057727498437,1.9988115697946258,0.0,0
221.3655217797109,9.278848968769504,0.0014770386581822194,1
219.4009882940376,9.277584669297221,0.001432784970758083,1
237.35864935447088,2.1369255438462242,0.0,0
219.3887122062015,9.133927214287153,0.0014794524956780815,1
244.83164322562254,9.517571940997094,0.0014739351528303968,1
249.12037876558648,0.5271450616071484,0.0,0
236.02362273329166,9.308980204746693,0.0014795674403207414,1
230.17253731103102,9.229341051338285,0.0014796823849634016,1
220.7202268087689,4.501107050069462,0.0,0
241.280238027366,1.5089031065556073,0.0,0
240.2997372365469,1.2595829106776892,0.0,0
214.8224874250561,4.584845553961549,0.0,0
231.11280609758342,9.272911045611975,0.0014837054474565049,1
229.17302053830875,9.282986597516377,0.0014842801706698055,1
224.28338774046418,9.116536407026562,0.0014771536028248796,1
233.42052704417551,1.8447379880839518,0.0,0
236.03590399363665,9.203270246448753,0.0014249687350571965,1
235.41882230018024,2.0187204797799847,0.0,0
249.100076553132,0.46723363893661196,0.0,0
205.72247202247397,9.230428901150688,0.0014247388457718762,1
214.4785636287564,9.249064466501014,0.0014722109831904954,1
239.94676361864126,9.330370448882967,0.001440371317173649,1
243.25907694854158,1.086797266254099,0.0,0
228.52014209456726,2.533469643836396,0.0,0
238.31968392522163,1.3292361943783473,0.0,0
228.22501367841247,9.204404489270475,0.0014381873689631073,1
226.56032639680728,2.571821421278338,0.0,0
232.47788671975576,2.4718295935380312,0.0,0
214.49823284106375,9.340574056563568,0.001482670945672564,1
226.57901972909846,2.702119079189783,0.0,0
238.94079569279435,9.331708142660286,0.001478762827822121,1
219.39968850001839,9.156444682415097,0.0014323251921874425,1
233.08792345606355,9.296745347601078,0.0014846250045977857,1
247.7780360328466,9.44795962580207,0.0014323251921874425,1
222.3470612103211,9.327129935298045,0.0014693373671239931,1
228.1896862471034,9.084379534729623,0.0014260032368411373,1
228.520914177732,2.253845843149485,0.0,0
224.617959985471,3.5654681558182135,0.0,0
207.6478328337073,9.39185083321461,0.0014802571081767022,1
244.8300754956413,9.499271234425215,0.0014785329385368006,1
222.67937398848716,3.4093580176040836,0.0,0
217.76245643598043,4.165263297212563,0.0,0
230.520200716335,2.8671614214296017,0.0,0
236.99545118071137,9.235384046031818,0.0014264630154117777,1
221.6619683810277,3.9914248248452817,0.0,0
213.82407458068195,4.36223834981507,0.0,0
207.95837555633207,4.350484541401007,0.0,0
220.36705583091182,9.561685201325595,0.001482556001029904,1
207.94046534189135,4.348200045032386,0.0,0
208.93785851234045,4.500438428682713,0.0,0
207.66624696546143,9.419835422607049,0.0014796823849634016,1
209.61441049490566,9.168492844045515,0.0014365781439658661,1
236.02642002611543,9.220682353850385,0.0014691074778386728,1
235.05236257218525,9.175733422990366,0.0014478427189465552,1
224.28909048902048,9.052885494940137,0.0014519807260823187,1
239.32035025931512,1.5354691647075402,0.0,0
224.28192162154707,9.204451814953266,0.001478877772464781,1
210.8984781329312,4.292011168425807,0.0,0
236.0036121353956,9.260984444219801,0.0014809467760326627,1
226.2697609381322,9.084469390132762,0.0014285320189796594,1
234.40122025232648,2.5421708495680044,0.0,0
244.25869889561187,1.2200244641333604,0.0,0
228.52002266708354,2.546689757495787,0.0,0
226.25728645584286,9.171923922783964,0.0014783030492514805,1
237.02121337863684,9.38781307678701,0.001482441056387244,1
212.53228415695003,9.104827329604241,0.0014357735314672454,1
231.49946205907236,2.2239407094449635,0.0,0
240.30066725365063,1.6040988528276259,0.0,0
238.95880016184205,9.345524756475415,0.0014822111671019236,1
234.4196089813146,2.101067756011272,0.0,0
223.6589654522382,2.960447488552527,0.0,0
241.2792941019605,1.437089880219336,0.0,0
217.43222151211975,9.340101993106003,0.001476578879611579,1
228.52097601794975,2.8963295107749722,0.0,0
231.46028593629308,2.1227896293308888,0.0,0
238.98489190605804,8.99630770742921,0.0013658871887299077,1
223.28904014326702,9.144964072674933,0.0014599119064258653,1
245.2192301237724,0.9754494902467072,0.0,0
240.93499213778645,9.401959381126657,0.0014795674403207414,1
217.43075757715084,9.242883360178427,0.0014845100599551256,1
223.62012082980837,2.8755263960540725,0.0,0
232.12127142568139,9.344025992942244,0.0014288768529076396,1
236.03224139754295,9.192129408771187,0.0014423253760988707,1
214.51301023926877,9.141622233933733,0.001419566336852172,1
203.7136400209659,9.277745710909132,0.001478992717107441,1
220.34801892908376,9.290911195437971,0.0014796823849634016,1
243.22116268804945,0.9036856817276134,0.0,0
224.30433525214258,9.354044690319867,0.001377151763710597,1
234.0473465029242,9.289448108889347,0.00147772832603818,1
225.2802210155589,9.281307182119528,0.001481291609960643,1
230.13465293614595,9.23128678886513,0.0014780731599661602,1
229.15932580369295,9.310916550413763,0.0014662338617721705,1
235.04572520873947,9.365589601653896,0.001481291609960643,1
214.53990521664767,8.94943471487096,0.0013671515797991688,1
205.6927953847427,9.302452489145802,0.0014786478831794608,1
226.58196392117557,2.837793181614173,0.0,0
223.63767391124435,3.348003827512147,0.0,0
216.47456723342037,9.437315556779492,0.0014708316474785744,1
230.13757563357487,9.065082699067567,0.001459567072497885,1
241.89857824971494,9.372198072078973,0.0014649694707029096,1
224.28966072939272,9.469824761366239,0.0014442794350240924,1
224.31304000993123,8.940792705135026,0.0014225548975613344,1
233.08834438334497,9.302000195547999,0.0014797973296060618,1
218.3907605197337,9.453278533805776,0.0014773834921101997,1
237.0078931336668,9.283985728550377,0.001452325560010299,1
232.10905292511126,9.175202758860665,0.0014840502813844852,1
216.78105183543605,4.015769557312175,0.0,0
211.58269680821715,8.875279999852076,0.0013769218744252767,1
219.38778540754774,9.072963408490562,0.0014769237135395592,1
232.14460162485747,9.262941520951971,0.0014181870011402509,1
226.25690185106853,9.142678323400613,0.0014772685474675397,1
204.0418887014014,5.095364106056926,0.0,0
225.2774564819583,9.026670838924701,0.0014192215029241917,1
209.95930430904477,4.846794230005052,0.0,0
234.43715194762203,2.2195479740437474,0.0,0
219.71909897193513,3.664327698927676,0.0,0
239.33987372181556,1.5386515665801375,0.0,0
234.05970764979585,9.271147089609212,0.001428187185051679,1
241.90009126604627,9.3389494774829,0.0014555440100047817,1
222.67990399823444,3.2956697748817545,0.0,0
230.1636955392283,9.045198005796152,0.0014357735314672454,1
242.8732798534226,9.4646284009277,0.0014748547099716776,1
213.84014901423475,4.259716168569384,0.0,0
232.09133869128627,9.215106277646981,0.0014802571081767022,1
220.71879379390884,4.143103462344651,0.0,0
233.10683863151507,9.261210516064128,0.0014800272188913819,1
227.21768710688931,9.375056833341466,0.0014806019421046825,1
237.9812922996285,9.29768264757934,0.0014739351528303968,1
217.75998432155075,4.291464428783497,0.0,0
215.81797308916026,4.0752865430251,0.0,0
246.17980905395962,0.8274061696259722,0.0,0
239.30072150752198,1.2353160902223816,0.0,0
219.36986369864275,9.343301834602553,0.0014800272188913819,1
228.54091868356198,2.609966473328337,0.0,0
225.59804042373193,3.786463272045815,0.0,0
237.00187681612536,9.303874766214783,0.001482556001029904,1
216.45287855868614,9.402012980036542,0.0014820962224592637,1
249.1200185290764,0.5939317710926126,0.0,0
216.45255004689741,9.101104815746194,0.001480142163534042,1
225.60133784069592,2.892987226946294,0.0,0
220.71927667635268,3.764509546132207,0.0,0
214.85906694835768,4.608003894799369,0.0,0
221.3473863887152,9.111962058467752,0.001476463934968919,1
236.00333764758892,9.347866750944958,0.0014818663331739434,1
214.47836109629603,9.011237522986756,0.0014807168867473424,1
226.25075599091477,9.200070165489654,0.0014289917975502998,1
228.19498841358,9.108112912099786,0.0014842801706698055,1
240.89730891602605,9.458650220626554,0.0014781881046088204,1
233.47713911979992,2.6950506236824876,0.0,0
210.89983195093242,4.635860836466427,0.0,0
239.30114852686947,1.5188982263776698,0.0,0
232.11064939125316,9.249396784119753,0.001481291609960643,1
237.02123705723324,9.352665517398458,0.0014865790635230074,1
239.30027494758525,1.5197153419131006,0.0,0
244.23955739415896,1.024968678491372,0.0,0
235.04485921580167,9.27172374989737,0.0014792226063927612,1
222.66006650697025,3.477491792918353,0.0,0
215.7806550465296,3.639180191629869,0.0,0
235.40051920495088,1.8052707026327104,0.0,0
235.4191423060654,2.095883638643336,0.0,0
241.91463969452312,9.46151827320257,0.001478762827822121,1
224.28037630577114,9.198820501050937,0.001482441056387244,1
233.44176812447125,2.052410504530237,0.0,0
238.3402456826792,1.54065500765523,0.0,0
209.60755577114062,9.10082249740175,0.0014806019421046825,1
216.7805329753191,4.099794763512403,0.0,0
246.18009227755914,0.938959142795592,0.0,0
210.58389981884724,9.398679461485534,0.0014807168867473424,1
226.58086206183103,2.5581821328947907,0.0,0
235.04433058539007,9.278517163835199,0.0014770386581822194,1
205.98173759517417,4.898438639596945,0.0,0
233.44038373119506,2.0502849392634883,0.0,0
233.09059580406077,9.397170711935148,0.0014802571081767022,1
236.03094378747195,9.22556759318149,0.0014480726082318756,1
231.46047961801597,2.161175216991341,0.0,0
239.92858431879208,9.248252652037705,0.0014331298046860632,1
228.52053026262553,2.502588250110993,0.0,0
231.1792564001177,9.16989175779307,0.001442440320741531,1
239.33888232427262,1.8555913823648689,0.0,0
243.22120452789937,0.903675695457249,0.0,0
237.98002250616102,9.399284738868083,0.0014833606135285246,1
228.20879797789385,9.04200122061117,0.0014223250082760143,1
230.50082829109502,2.331577134617619,0.0,0
234.4199954252032,1.924574569910802,0.0,0
214.820917396182,3.634007762820182,0.0,0
237.03018469305184,9.232452791421936,0.0014410609850296098,1
251.6861994013683,9.648326727017327,0.00145336006179424,1
231.15571688674734,9.203157142950056,0.001461865965351087,1
231.47950870360833,2.954545994468238,0.0,0
219.36881919667488,9.176082627251171,0.00147761338139552,1
227.21721342001692,9.103225612582612,0.001474165042115717,1
226.2569736914702,8.938458141047635,0.0013970371868907935,1
219.40837314249458,9.042540327285755,0.00147784327068084,1
244.84922308916026,9.512453057149813,0.0014815214992459631,1
231.49919745650496,2.257851538536227,0.0,0
222.66095859234193,3.376929333839702,0.0,0
232.11649547577886,9.186705274445528,0.001451176113583698,1
221.70015253154082,3.4288563913468155,0.0,0
224.6004109270975,3.663428932759219,0.0,0
222.30991190642587,9.086854859868096,0.0014606015742818258,1
234.04872273513075,9.24409738941173,0.0014815214992459631,1
236.02614186008017,9.223010608684012,0.0014664637510574908,1
230.48190127634533,2.2136493063033997,0.0,0
222.32388538180012,9.053051748627203,0.001480142163534042,1
213.51986427336595,9.294620972729877,0.0014684178099827123,1
211.86047306617132,4.110207206869176,0.0,0
247.74545210026852,9.603022165242171,0.0014834755581711848,1
236.04579038235187,9.25094712973249,0.001469452311766653,1
228.52097498344799,2.1935979054386143,0.0,0
203.73641354323757,9.321774295596464,0.0014810617206753227,1
226.23935313752898,9.375388044002099,0.0014799122742487217,1
225.62118671147974,3.3413706081256467,0.0,0
218.71965059127524,3.5801648168360933,0.0,0
235.06486061812632,9.368929230999049,0.0014807168867473424,1
249.11976070824292,0.7131468074733031,0.0,0
231.13126931069996,9.178665826121865,0.0014774984367528598,1
233.06815056368853,9.196602627325674,0.0014832456688858647,1
226.2302376825321,8.949259457346585,0.001440371317173649,1
220.68006319656453,3.9712842330191145,0.0,0
215.80000321845,4.264923170145918,0.0,0
235.04889216353405,9.269807510901103,0.0014637050796336485,1
226.2505049518152,9.14868796598152,0.0014264630154117777,1
238.33981900816568,1.8732558598435667,0.0,0
245.18083815334535,0.8109998270666481,0.0,0
244.21982392779637,1.0187993011053622,0.0,0
214.8207333698091,3.739083379224164,0.0,0
231.46053479144445,1.9891859674381405,0.0,0
232.4609959493508,2.4887043616742104,0.0,0
217.7784884549601,3.569076620146553,0.0,0
227.55975374259756,2.909326331256726,0.0,0
224.64040097289146,3.566668112009702,0.0,0
211.88058998786184,4.580991621120931,0.0,0
233.43972555817118,2.2300433247597886,0.0,0
219.7012612875639,3.3792285120614967,0.0,0
218.7403062585059,3.9884520191368793,0.0,0
237.3795105427226,1.9520537941886682,0.0,0
247.78401349909885,9.614411350725543,0.0014810617206753227,1
233.06920472100637,9.262177433119724,0.0014829008349578842,1
239.2996467751131,1.8308913243148348,0.0,0
223.30198474914482,9.291787975505061,0.001480142163534042,1
213.50410145473938,9.396126981547361,0.001470486813550594,1
220.38076022087762,9.092273122815758,0.001433934417184684,1
247.78450074943908,9.610287353731515,0.001481406554603303,1
227.19670269798064,9.219871325665778,0.0014818663331739434,1
218.3929437782764,9.266253747018823,0.0014733604296170964,1
227.56114411299518,2.344876599144124,0.0,0
227.2377044865193,9.136165783122358,0.0014803720528193621,1
227.53847415584656,2.6749841304813367,0.0,0
209.89809847077646,4.239479910812477,0.0,0
219.40482836465958,9.43256316074986,0.0014773834921101997,1
235.06406393680803,9.054885255228559,0.0013963475190348327,1
235.41876114963034,1.767907305760286,0.0,0
236.02339525784382,9.321465584544649,0.0014842801706698055,1
234.08463052194062,9.316563094351677,0.0014818663331739434,1
244.20016264666936,1.4021558826073328,0.0,0
238.96055341247654,9.357832006527016,0.0014749696546143378,1
222.34424702063487,9.047964203413411,0.0014803720528193621,1
218.71960932614851,3.480854870958532,0.0,0
245.19974286883436,0.8621931781519167,0.0,0
246.19944504726524,0.9460252065169203,0.0,0
241.9242773430316,9.360846882304434,0.0014346240850406445,1
226.56096755802406,2.8395046590315194,0.0,0
213.51975116783757,9.331668851524725,0.0014731305403317763,1
235.00674966436165,9.274107858107818,0.00147784327068084,1
231.49869043568617,2.288287189632518,0.0,0
223.62021968220105,2.734491433670007,0.0,0
213.84144214146468,4.27250201985489,0.0,0
216.76101916816862,3.835519910231725,0.0,0
240.31939863261854,1.5165930738174562,0.0,0
230.16942461010777,9.25624351701566,0.0014820962224592637,1
218.7395599229411,4.028401721546617,0.0,0
229.5194804732041,2.6922201707490157,0.0,0
240.3004141455475,1.5663732424604273,0.0,0
221.65979914573143,3.872453382788347,0.0,0
217.4546056019421,9.262976664022807,0.0014562336778607423,1
232.12131659892594,9.242248596134159,0.0014263480707691176,1
220.72127510390996,3.615460385297843,0.0,0
238.00029310883878,9.344186092504412,0.0014755443778276382,1
228.54000487365286,3.6425690661301764,0.0,0
207.64750650586677,9.304532372891767,0.001478992717107441,1
242.26031766101445,1.057346154296811,0.0,0
228.18780563780484,8.927196883342036,0.001426807849339758,1
215.8189682798764,4.334013921227868,0.0,0
213.53416384669143,9.286523371983849,0.001478992717107441,1
214.81871321771436,4.133178454045689,0.0,0
211.58302738900946,9.143542724591885,0.0013770368190679368,1
206.97899869422886,4.9517445440542724,0.0,0
238.35984259480634,1.793216591996764,0.0,0
237.3605276648766,1.9518491567200564,0.0,0
215.47390779600545,9.13174856627052,0.0014829008349578842,1
240.9152587863685,9.48053505994384,0.0014869238974509877,1
218.75935810313752,4.165167807178923,0.0,0
210.55068552984883,9.01372764991344,0.0014446242689520727,1
215.80211176297496,4.394210844858438,0.0,0
215.80089622337883,4.208437241869881,0.0,0
248.1207818764483,0.6304936089506793,0.0,0
219.74074753098907,3.504660738266389,0.0,0
232.11028260289845,9.2466259603716,0.001476578879611579,1
241.89793697355353,9.375519535222525,0.0014660039724868504,1
235.04404241917092,9.227112878033267,0.0014766938242542391,1
226.25888119781513,9.164314999335867,0.0014780731599661602,1
246.16107077831316,0.8213216892657994,0.0,0
227.23594755765623,9.137001046010994,0.0014792226063927612,1
226.5795845670725,3.0489175229687295,0.0,0
228.54042039853607,2.645974437877731,0.0,0
240.89603820300144,9.383576119573176,0.0014815214992459631,1
207.66622432136683,9.348481749688338,0.0014769237135395592,1
235.40017758947292,2.308157864789279,0.0,0
224.30635793301946,8.796077046694636,0.0013716344208629125,1
242.87630082852098,9.404534683730382,0.0014638200242763086,1
236.05310408007503,9.25442395713707,0.0014396816493176885,1
241.91326530143084,9.251599505320517,0.001407382204730202,1
225.24111248022953,9.122709850423197,0.0014796823849634016,1
239.93066424210102,9.23669230127288,0.0014317504689741422,1
210.8994489553831,4.706104030200637,0.0,0
234.06119974620222,9.031984887829891,0.001423244565417295,1
222.32889570382903,9.094374519830966,0.0014587624599992643,1
236.04278871795344,9.282006047963822,0.0014818663331739434,1
228.5597923639975,2.4458407131999356,0.0,0
224.64061005719645,2.888546045146488,0.0,0
222.35428203277303,8.993050854707688,0.0014396816493176885,1
231.13127172453747,9.36889361120142,0.0014781881046088204,1
227.22531966105123,8.99521781947332,0.00144140581895759,1
212.8790338672895,3.9765700728167293,0.0,0
233.1094154605142,9.18929181695238,0.0014749696546143378,1
230.13800460698127,9.404014518529602,0.001462095854636407,1
234.40207302663038,1.8763099791458115,0.0,0
218.77710475135174,3.8580412594260793,0.0,0
234.06719548865266,9.306312944379963,0.0014771536028248796,1
230.5003055228602,2.4290387679414547,0.0,0
233.08893818736897,9.216485163130631,0.0014795674403207414,1
236.0545318074815,9.19552098832154,0.0014335895832567037,1
215.78308509122007,3.9329124112509484,0.0,0
215.78005285154669,4.351118342021904,0.0,0
238.33970084507303,1.5384952045027576,0.0,0
216.47397480873212,9.106602974784998,0.0014791076617501012,1
233.42159740868797,1.8395738456276756,0.0,0
208.60810543642182,9.335397268386412,0.001481291609960643,1
237.35943005848384,1.779850142750526,0.0,0
234.44075925534264,2.196357016345546,0.0,0
244.2391802607864,1.198205087180178,0.0,0
236.3803072240409,1.6628424411662015,0.0,0
226.24026108526135,9.10379337381154,0.0014726707617611359,1
230.48057711406187,2.234837727616587,0.0,0
231.46115192923088,1.9316411174555568,0.0,0
220.34776432670026,9.192770824408418,0.0014833606135285246,1
237.02294295067495,9.30338212542801,0.001472785706403796,1
226.58009618567698,3.397369262738396,0.0,0
232.46024811950565,2.2969233931936284,0.0,0
237.37928743517122,2.1444707805594314,0.0,0
230.17026818884025,9.214844787914423,0.001478992717107441,1
233.0966082134844,9.097051221931737,0.001447382940375915,1
237.002413147828,9.361830835522818,0.001480142163534042,1
244.22011772630302,1.1295084935408821,0.0,0
233.4591837321146,1.8775083253823748,0.0,0
222.32292490436606,9.311157804310032,0.0014820962224592637,1
218.73918428384889,3.697240768767808,0.0,0
202.08015526722332,5.121369285672552,0.0,0
222.30480721484534,9.409857386018034,0.0014802571081767022,1
217.4132158752345,9.263938169668858,0.001482441056387244,1
214.83777115441202,4.038329604919126,0.0,0
236.0239844640821,9.315797692485107,0.0014780731599661602,1
243.25862234247987,1.2523967216846097,0.0,0
207.9438494271159,4.668287611603627,0.0,0
243.85227659359253,9.509706860812715,0.001478762827822121,1
226.56297598576526,2.5768289133057687,0.0,0
221.66041616857322,3.4945043857391176,0.0,0
245.21865769945194,0.8873427515688888,0.0,0
229.16941185125245,8.983243539820858,0.0014237043439879354,1
239.9382382894398,9.35126946192828,0.001478992717107441,1
233.45835452146247,2.1104110860075465,0.0,0
234.41970610953766,1.9837000374348346,0.0,0
218.4301905552286,9.05155525764095,0.0014773834921101997,1
238.97168062860925,9.220597681469611,0.0014317504689741422,1
221.33032113234268,9.344541186567186,0.001469452311766653,1
219.38120091863757,9.080691139459793,0.001435313752896605,1
233.10611597454667,9.370572522664801,0.0014820962224592637,1
231.14219169547945,9.0174598572266,0.0014311757457608416,1
210.6137005967926,9.13620979058817,0.001426807849339758,1
237.024538727149,9.36456489045123,0.0014695672564093132,1
221.6805287223673,3.4474148297185963,0.0,0
225.28098965038438,9.446921986277717,0.00147784327068084,1
222.64245514860045,3.2696371647948896,0.0,0
211.5670105427226,9.31900582449665,0.0014597969617832051,1
236.00359650292418,9.290195336561139,0.0014771536028248796,1
203.0609725006437,4.95689824004134,0.0,0
228.53699251940265,3.1237388806793094,0.0,0
221.35774313090815,9.045224356043496,0.0014155432743590687,1
226.56099204123294,2.6706926123475063,0.0,0
236.98291451337036,9.372492181812174,0.0014799122742487217,1
249.13960808474638,0.848317444278422,0.0,0
221.6802484873285,4.091977931145787,0.0,0
247.78363153805128,9.607012120770042,0.0014799122742487217,1
225.26279747673522,9.489493508146573,0.001476463934968919,1
222.66226114503255,3.6166109347409505,0.0,0
226.5614445782911,2.4700668822901286,0.0,0
236.03677699819767,9.11290492223091,0.001424394011843896,1
222.3236139974988,9.461158834953014,0.0014799122742487217,1
237.34082213006215,1.5928446659068118,0.0,0
230.15296235333062,9.189786884847168,0.0014781881046088204,1
234.440293039872,2.48007994597621,0.0,0
243.87114567624232,9.489294114156884,0.0014810617206753227,1
218.43656320116233,9.19732361362114,0.0014500266671570972,1
221.3450110576746,9.138645140524364,0.0014827858903152242,1
248.76325507135763,9.635832210878192,0.0014800272188913819,1
226.23950084139477,9.250751225910598,0.001482441056387244,1
242.87889662338617,9.400674037536094,0.001454739397506161,1
208.9395727967411,4.7250798718180596,0.0,0
215.48528444201273,8.985864975367827,0.0014396816493176885,1
231.49968137345056,2.028666953600988,0.0,0
204.03967498252842,4.8332208050561105,0.0,0
237.97960916522604,9.373015721194324,0.0014795674403207414,1
231.48006974840916,2.19591092866399,0.0,0
226.22306157354618,9.1281831261583,0.001464394747489609,1
234.4196715112002,1.9227987378926776,0.0,0
234.04724075385295,9.301927212255553,0.0014800272188913819,1
237.33937980468608,1.513900756740389,0.0,0
222.66061835619965,2.941328957673372,0.0,0
230.4804525140692,2.7255495772670333,0.0,0
206.96036835160186,4.634037468187263,0.0,0
219.72050175635414,4.020525744858308,0.0,0
227.20783336245265,9.027823302901353,0.0014368080332511862,1
231.48188208059,2.7287357512014023,0.0,0
227.2340492468827,9.50893401571312,0.0014841652260271453,1
208.64657556920588,9.241732028522742,0.0014780731599661602,1
236.0417983549123,9.378888163248737,0.001482670945672564,1
210.92081003788576,4.2122242700555175,0.0,0
210.90113266450876,4.256210873422989,0.0,0
214.84243710229154,4.711508738050483,0.0,0
224.30351926012432,9.103719246798919,0.001472900651046456,1
215.7973807564277,3.9452408592085453,0.0,0
237.359833054401,1.825233704388158,0.0,0
216.79935182716005,3.849641770222066,0.0,0
240.94300079081916,9.321780195394801,0.0014496818332291168,1
224.64027844190238,3.0660603405910525,0.0,0
217.4339063706919,9.323193864776469,0.0014792226063927612,1
226.5988637722073,2.7447271231892447,0.0,0
231.14502381652997,9.018083963897693,0.0014132443815058667,1
226.5982934168904,2.8417050027750594,0.0,0
223.6586102732924,3.3341450999842426,0.0,0
238.95848165023725,9.422546084079666,0.0014817513885312834,1
227.54074914021407,2.4492262858772142,0.0,0
239.3192369055063,1.5693733363585034,0.0,0
228.5393039412219,3.022316953812082,0.0,0
225.26217332732557,9.029450020333675,0.0014647395814175893,1
228.53782943134587,3.2616414329771253,0.0,0
222.66010455364696,3.058515635239905,0.0,0
227.57909812134477,3.296163630208103,0.0,0
223.66000029885606,2.964949764307349,0.0,0
225.24178755011587,9.115943251126554,0.0014774984367528598,1
237.34023016515246,1.398050495295589,0.0,0
228.5390692242616,2.605211630545186,0.0,0
234.0687185051679,9.320309662832198,0.0014658890278441902,1
232.46024685511458,2.155618987423093,0.0,0
223.66037076543935,3.3386164820841326,0.0,0
232.14819525416559,9.312254634320626,0.0014799122742487217,1
236.0038047826167,9.321336166781894,0.001482441056387244,1
218.7217971824769,4.509803959979331,0.0,0
233.43983280152278,2.233551112581821,0.0,0
246.18005767922168,0.8967749483762103,0.0,0
235.41912897248685,2.133974291040015,0.0,0
237.96103077757752,9.342315097636106,0.0014820962224592637,1
229.53978073159965,2.772615936230131,0.0,0
245.84641660076508,9.329404216682573,0.0014095661529407437,1
232.44010269154376,1.9924333548254625,0.0,0
244.81059996505684,9.512743339634744,0.0014822111671019236,1
211.57988330819876,9.308296092318203,0.0014745098760436974,1
229.51863287140912,2.5550141833567737,0.0,0
221.70124783904072,3.337590134384497,0.0,0
205.71045398536066,9.307713658026087,0.0014779582153235003,1
225.6010462261375,2.978645631634048,0.0,0
240.92023968256888,9.337459266153143,0.001458187736785964,1
237.3417650209659,1.5119611412340683,0.0,0
229.17572357652554,9.252884453245017,0.0014857744510243867,1
226.59871629823078,3.427676581436883,0.0,0
233.43871473498362,2.2533968448232113,0.0,0
234.40207233696253,2.535529432196617,0.0,0
206.67992181465405,9.123955694949686,0.0014264630154117777,1
221.36432244730938,9.241099598374573,0.001478992717107441,1
212.84235089380954,4.445973348703503,0.0,0
231.50079587670578,3.2254812896874605,0.0,0
233.45937143671608,1.9514112378674475,0.0,0
231.49973229392725,2.0597012436967232,0.0,0
235.05565837992424,9.192687817745758,0.0014402563725309891,1
229.50093185621805,3.114363319868966,0.0,0
215.7780205153198,3.9599897447025993,0.0,0
208.9212852190385,4.5281339218701016,0.0,0
217.77812591955714,4.060395261748335,0.0,0
212.84057821753044,4.26387889108818,0.0,0
241.28021124526427,1.4692732346060071,0.0,0
223.6595401754515,2.883783852478704,0.0,0
220.69998574686431,3.8112364434406643,0.0,0
210.88108424982528,4.137143115851057,0.0,0
229.15340190164417,9.183357658352193,0.0014830157796005443,1
227.24816755250671,9.222643541859386,0.0014284170743369992,1
226.2267899179755,9.505771476597207,0.0014524405046529591,1
236.02578679607902,9.272640568394191,0.0014699120903372935,1
224.6209087753338,2.6986810931886187,0.0,0
222.32348583422223,9.367502549444794,0.001483820392099165,1
234.06560224096074,9.24314952063263,0.0014793375510354213,1
